{
    "name": "root",
    "gauges": {
        "BossAgent.Policy.Entropy.mean": {
            "value": 0.8351792693138123,
            "min": 0.7139067649841309,
            "max": 1.012823462486267,
            "count": 48
        },
        "BossAgent.Policy.Entropy.sum": {
            "value": 8337.5947265625,
            "min": 4924.5654296875,
            "max": 10142.4140625,
            "count": 48
        },
        "BossAgent.Step.mean": {
            "value": 1509937.0,
            "min": 1039955.0,
            "max": 1509937.0,
            "count": 48
        },
        "BossAgent.Step.sum": {
            "value": 1509937.0,
            "min": 1039955.0,
            "max": 1509937.0,
            "count": 48
        },
        "BossAgent.Policy.ExtrinsicValueEstimate.mean": {
            "value": 0.07315301150083542,
            "min": -0.0009271969320252538,
            "max": 0.30090218782424927,
            "count": 48
        },
        "BossAgent.Policy.ExtrinsicValueEstimate.sum": {
            "value": 11.48502254486084,
            "min": -0.14556992053985596,
            "max": 48.44525146484375,
            "count": 48
        },
        "BossAgent.Policy.CuriosityValueEstimate.mean": {
            "value": -0.0045361933298408985,
            "min": -0.007490480784326792,
            "max": 0.07116305828094482,
            "count": 48
        },
        "BossAgent.Policy.CuriosityValueEstimate.sum": {
            "value": -0.712182343006134,
            "min": -1.1834959983825684,
            "max": 11.101436614990234,
            "count": 48
        },
        "BossAgent.Environment.EpisodeLength.mean": {
            "value": 2190.75,
            "min": 939.6666666666666,
            "max": 10266.0,
            "count": 47
        },
        "BossAgent.Environment.EpisodeLength.sum": {
            "value": 8763.0,
            "min": 3733.0,
            "max": 22330.0,
            "count": 47
        },
        "BossAgent.Environment.CumulativeReward.mean": {
            "value": 2.0375000797212124,
            "min": 0.14999998733401299,
            "max": 4.200000125914812,
            "count": 47
        },
        "BossAgent.Environment.CumulativeReward.sum": {
            "value": 8.15000031888485,
            "min": 0.14999998733401299,
            "max": 27.050000701099634,
            "count": 47
        },
        "BossAgent.Policy.ExtrinsicReward.mean": {
            "value": 2.0375000797212124,
            "min": 0.14999998733401299,
            "max": 4.200000125914812,
            "count": 47
        },
        "BossAgent.Policy.ExtrinsicReward.sum": {
            "value": 8.15000031888485,
            "min": 0.14999998733401299,
            "max": 27.050000701099634,
            "count": 47
        },
        "BossAgent.Policy.CuriosityReward.mean": {
            "value": 0.023952131488840678,
            "min": 0.0,
            "max": 0.051695299764105584,
            "count": 47
        },
        "BossAgent.Policy.CuriosityReward.sum": {
            "value": 0.09580852595536271,
            "min": 0.0,
            "max": 0.18180400009987352,
            "count": 47
        },
        "BossAgent.IsTraining.mean": {
            "value": 1.0,
            "min": 1.0,
            "max": 1.0,
            "count": 48
        },
        "BossAgent.IsTraining.sum": {
            "value": 1.0,
            "min": 1.0,
            "max": 1.0,
            "count": 48
        },
        "BossAgent.Losses.PolicyLoss.mean": {
            "value": 0.11284675346105359,
            "min": 0.09256826782172235,
            "max": 0.1319451960773828,
            "count": 23
        },
        "BossAgent.Losses.PolicyLoss.sum": {
            "value": 0.11284675346105359,
            "min": 0.09256826782172235,
            "max": 0.1319451960773828,
            "count": 23
        },
        "BossAgent.Losses.ValueLoss.mean": {
            "value": 0.0027807010260100166,
            "min": 0.0010359877424586253,
            "max": 0.007566198411708077,
            "count": 23
        },
        "BossAgent.Losses.ValueLoss.sum": {
            "value": 0.0027807010260100166,
            "min": 0.0010359877424586253,
            "max": 0.007566198411708077,
            "count": 23
        },
        "BossAgent.Policy.LearningRate.mean": {
            "value": 7.499737500089999e-05,
            "min": 7.499737500089999e-05,
            "max": 0.00014186195271270003,
            "count": 23
        },
        "BossAgent.Policy.LearningRate.sum": {
            "value": 7.499737500089999e-05,
            "min": 7.499737500089999e-05,
            "max": 0.00014186195271270003,
            "count": 23
        },
        "BossAgent.Policy.Epsilon.mean": {
            "value": 0.12499910000000002,
            "min": 0.12499910000000002,
            "max": 0.14728730000000004,
            "count": 23
        },
        "BossAgent.Policy.Epsilon.sum": {
            "value": 0.12499910000000002,
            "min": 0.12499910000000002,
            "max": 0.14728730000000004,
            "count": 23
        },
        "BossAgent.Policy.Beta.mean": {
            "value": 0.00250741009,
            "min": 0.00250741009,
            "max": 0.0047340012700000005,
            "count": 23
        },
        "BossAgent.Policy.Beta.sum": {
            "value": 0.00250741009,
            "min": 0.00250741009,
            "max": 0.0047340012700000005,
            "count": 23
        },
        "BossAgent.Losses.CuriosityForwardLoss.mean": {
            "value": 0.0007960259793132233,
            "min": 0.0003012741402926622,
            "max": 0.0016922467174784591,
            "count": 23
        },
        "BossAgent.Losses.CuriosityForwardLoss.sum": {
            "value": 0.0007960259793132233,
            "min": 0.0003012741402926622,
            "max": 0.0016922467174784591,
            "count": 23
        },
        "BossAgent.Losses.CuriosityInverseLoss.mean": {
            "value": 0.91252860724926,
            "min": 0.7934768507877986,
            "max": 0.9447659035523732,
            "count": 23
        },
        "BossAgent.Losses.CuriosityInverseLoss.sum": {
            "value": 0.91252860724926,
            "min": 0.7934768507877986,
            "max": 0.9447659035523732,
            "count": 23
        }
    },
    "metadata": {
        "timer_format_version": "0.1.0",
        "start_time_seconds": "1748177317",
        "python_version": "3.10.11 (tags/v3.10.11:7d4cc5a, Apr  5 2023, 00:38:17) [MSC v.1929 64 bit (AMD64)]",
        "command_line_arguments": "C:\\Users\\Daria\\Desktop\\Masters_Project\\ai_training\\training_py_env\\Scripts\\mlagents-learn .\\config\\bossagent.yaml --run-id=BossTraining --resume",
        "mlagents_version": "1.1.0",
        "mlagents_envs_version": "1.1.0",
        "communication_protocol_version": "1.5.0",
        "pytorch_version": "2.7.0+cpu",
        "numpy_version": "1.23.5",
        "end_time_seconds": "1748179060"
    },
    "total": 1743.0926326999906,
    "count": 1,
    "self": 0.006288700009463355,
    "children": {
        "run_training.setup": {
            "total": 0.0811931999924127,
            "count": 1,
            "self": 0.0811931999924127
        },
        "TrainerController.start_learning": {
            "total": 1743.0051507999888,
            "count": 1,
            "self": 5.588732097385218,
            "children": {
                "TrainerController._reset_env": {
                    "total": 8.010642200009897,
                    "count": 1,
                    "self": 8.010642200009897
                },
                "TrainerController.advance": {
                    "total": 1729.3133474025817,
                    "count": 480597,
                    "self": 5.229718994320137,
                    "children": {
                        "env_step": {
                            "total": 1419.2100990051695,
                            "count": 480597,